{
    "x": [
        2.2659555117323995,
        2.2644591356948016,
        2.2632620348647237,
        2.269546814222634,
        2.2587729067519304,
        2.271791524409503,
        2.2692475390151143,
        2.249794796656817,
        2.269397176618874,
        2.269546814222634
    ],
    "y": [
        -0.8212129229992627,
        -0.8120848830394446,
        -0.8138807534802704,
        -0.8096908275097608,
        -0.8173223453015088,
        -0.8135813321422785,
        -0.8087930018872023,
        -0.8271983540844172,
        -0.8150777081798761,
        -0.8102893048595636
    ],
    "z": [
        -9.541343697577714,
        -9.517850593787431,
        -9.513212412592768,
        -9.529073414069414,
        -9.533263851496576,
        -9.513660740882157,
        -9.53146761572957,
        -9.532964576289057,
        -9.532515078955889,
        -9.525781386786699
    ],
    "time": [
        120276,
        120293,
        120309,
        120326.00000000001,
        120342,
        120359.00000000001,
        120375,
        120392,
        120409,
        120426
    ]
}