{
    "gamma": [
        13.435668977700146,
        13.436135561102075,
        13.437275782582825,
        13.435422691126211,
        13.435708482390602,
        13.436215459975099,
        13.434869153744138,
        13.435130065192382,
        13.43591268635736,
        13.435674118852592
    ],
    "alpha": [
        128.83999814725868,
        128.8405950509703,
        128.83929840331103,
        128.83974785128973,
        128.84041826967913,
        128.84084128525973,
        128.84137566994787,
        128.84252585558238,
        128.84183909608902,
        128.84021295249013
    ],
    "beta": [
        4.77215748881625,
        4.77195462534443,
        4.772445252606732,
        4.772635402693051,
        4.772335909571878,
        4.773921811282984,
        4.772894314412295,
        4.771771598601069,
        4.772712204158332,
        4.773155935312154
    ],
    "time": [
        120110,
        120126,
        120143,
        120159,
        120176,
        120193,
        120209,
        120225.00000000001,
        120243.00000000001,
        120259
    ]
}